SCALE_FACTOR,SUBSAMPLING_MODE,CPU,OMP,CUDA
0.5,0
0.5,0,1.542096,2.134984,2.467021
0.5,1
0.5,1,4.260426,5.143783,5.590496
0.6,0
0.6,0,2.14607,3.107822,3.666145
0.6,1
0.6,1,5.713599,7.493078,8.300987
0.7,0
0.7,0,2.995685,4.305475,5.047732
0.7,1
0.7,1,7.704171,10.075777,10.983422
0.8,0
0.8,0,3.784827,5.555621,6.165253
0.8,1
0.8,1,9.716945,11.962941,13.71345
0.9,0
0.9,0,4.799718,6.973218,7.974633
0.9,1
0.9,1,12.249398,16.211767,17.06122
1.0,0
1.0,0,5.748232,8.412755,9.884063
1.0,1
1.0,1,15.208652,21.590561,21.433441
1.1,0
1.1,0,7.325476,10.726202,12.055152
1.1,1
1.1,1,17.868551,23.990538,23.968332
1.2,0
1.2,0,8.4054,12.645951,15.217705
1.2,1
1.2,1,21.361935,29.812939,30.54285
1.3,0
1.3,0,9.926908,14.719629,17.31382
1.3,1
1.3,1,24.828814,33.05138,35.4701
1.4,0
1.4,0,11.442533,19.865133,19.791677
1.4,1
1.4,1,28.497454,36.862751,39.566128
1.5,0
1.5,0,12.901834,19.519905,22.462454
1.5,1
1.5,1,32.734737,50.735359,45.915657
1.6,0
1.6,0,15.11668,22.420582,26.023787
1.6,1
1.6,1,37.208244,49.70116,52.182072
1.7,0
1.7,0,17.284634,25.380653,30.888329
1.7,1
1.7,1,39.905243,43.549927,54.771126
1.8,0
1.8,0,18.776543,28.543774,32.847359
1.8,1
1.8,1,46.108631,59.307117,64.543266
1.9,0
1.9,0,21.360336,31.983686,36.837212
1.9,1
1.9,1,53.167549,70.253708,72.683197
2.0,0
2.0,0,23.283691,34.361664,39.578815
2.0,1
2.0,1,56.929955,76.929642,78.076477
2.1,0
2.1,0,26.051054,36.534931,44.710262
2.1,1
2.1,1,63.823627,84.134796,86.565781
2.2,0
2.2,0,28.848906,42.50087,48.294308
2.2,1
2.2,1,65.455666,87.292732,89.521873
2.3,0
2.3,0,30.442665,35.262093,52.171528
2.3,1
2.3,1,74.124443,98.812431,99.549431
2.4,0
2.4,0,34.01165,51.666138,56.879253
2.4,1
2.4,1,82.606445,109.216492,106.531677
2.5,0
2.5,0,36.907967,54.728294,61.578781
2.5,1
2.5,1,89.181374,118.274124,116.731239
2.6,0
2.6,0,40.29351,59.490913,67.279762
2.6,1
2.6,1,95.476379,124.480309,125.902847
2.7,0
2.7,0,44.579288,66.620224,73.566757
2.7,1
2.7,1,106.64447,140.170181,136.51207
2.8,0
2.8,0,47.778297,71.357384,78.379204
2.8,1
2.8,1,113.39167,150.996216,142.585144
2.9,0
2.9,0,51.325203,75.669571,134.046341
2.9,1
2.9,1,120.996056,160.889572,153.700165
3.0,0
3.0,0,57.752354,80.619934,89.058411
3.0,1
3.0,1,128.329788,169.322784,166.474335
